{
  "rf": {
    "accuracy": 0.9981507990625297,
    "precision": 0.995337222053281,
    "recall": 0.9971105736388309,
    "f1": 0.9962231086720928,
    "roc_auc": 0.999822834493105,
    "pr_auc": 0.9995439459975263
  }
}